file,total_horizontal_distance,total_time_ms,avg_horizontal_speed
20240829_225513.csv,22.4648293253341,21666.541259765625,1.0368442778197775
20240829_225558.csv,21.956042523572453,23005.051025390625,0.9544009487020749
