file,total_horizontal_distance,total_time_ms,avg_horizontal_speed
20240829_225513.csv,24.570866818331993,25451.0,0.9654185225858313
20240829_225558.csv,23.894327844306172,26674.0,0.8957909516497777
