file,total_horizontal_distance,total_time_ms,avg_horizontal_speed
20240829_225513.csv,21.97993205044634,21666.541259765625,1.0144642740584846
20240829_225558.csv,21.716501938370165,23005.051025390625,0.9439884273415308
